{"cameraMode":{"drawMode":0,"name":"Shaded","section":"Shading Mode"},"sceneLighting":false,"audioPlay":false,"sceneViewState":{"m_AlwaysRefresh":false,"showFog":true,"showSkybox":false,"showFlares":true,"showImageEffects":true,"showParticleSystems":true,"showVisualEffectGraphs":true,"m_FxEnabled":true},"in2DMode":false,"pivot":{"x":0.011726319789886475,"y":2.196284055709839,"z":0.16786718368530274},"rotation":{"x":0.5321388840675354,"y":-0.15939466655254365,"z":0.10265415906906128,"w":0.8252415657043457},"size":1.3157374858856202,"orthographic":false}