{"cameraMode":{"drawMode":0,"name":"Shaded","section":"Shading Mode"},"sceneLighting":true,"audioPlay":false,"sceneViewState":{"m_AlwaysRefresh":false,"showFog":true,"showSkybox":true,"showFlares":true,"showImageEffects":true,"showParticleSystems":true,"showVisualEffectGraphs":true,"m_FxEnabled":true},"in2DMode":false,"pivot":{"x":-18.853517532348634,"y":12.863321304321289,"z":-0.27591991424560549},"rotation":{"x":-0.28606781363487246,"y":-0.3634272813796997,"z":0.11826416850090027,"w":-0.8787308931350708},"size":9.522485733032227,"orthographic":false}