{"cameraMode":{"drawMode":0,"name":"Shaded","section":"Shading Mode"},"sceneLighting":true,"audioPlay":false,"sceneViewState":{"m_AlwaysRefresh":false,"showFog":true,"showSkybox":true,"showFlares":true,"showImageEffects":true,"showParticleSystems":true,"showVisualEffectGraphs":true,"m_FxEnabled":true},"in2DMode":false,"pivot":{"x":-0.2596336007118225,"y":-4.838383197784424,"z":2.3479909896850588},"rotation":{"x":0.47533997893333437,"y":0.05114791542291641,"z":-0.02758963219821453,"w":0.8779850006103516},"size":18.767181396484376,"orthographic":false}