{"cameraMode":{"drawMode":0,"name":"Shaded","section":"Shading Mode"},"sceneLighting":true,"audioPlay":false,"sceneViewState":{"m_AlwaysRefresh":false,"showFog":true,"showSkybox":true,"showFlares":true,"showImageEffects":true,"showParticleSystems":true,"showVisualEffectGraphs":true,"m_FxEnabled":true},"in2DMode":false,"pivot":{"x":-0.05954669415950775,"y":2.22501277923584,"z":0.2877747118473053},"rotation":{"x":0.02865571342408657,"y":-0.971246600151062,"z":0.17644087970256806,"w":0.1575794816017151},"size":0.36856186389923098,"orthographic":false}