{"cameraMode":{"drawMode":0,"name":"Shaded","section":"Shading Mode"},"sceneLighting":true,"audioPlay":false,"sceneViewState":{"m_AlwaysRefresh":false,"showFog":true,"showSkybox":true,"showFlares":true,"showImageEffects":true,"showParticleSystems":true,"showVisualEffectGraphs":true,"m_FxEnabled":true},"in2DMode":false,"pivot":{"x":-0.3187430500984192,"y":1.287885069847107,"z":0.8995074033737183},"rotation":{"x":-0.17757101356983186,"y":0.7353063225746155,"z":-0.21091176569461823,"w":-0.6192150712013245},"size":2.1069352626800539,"orthographic":false}