{"cameraMode":{"drawMode":0,"name":"Shaded","section":"Shading Mode"},"sceneLighting":true,"audioPlay":false,"sceneViewState":{"m_AlwaysRefresh":false,"showFog":true,"showSkybox":true,"showFlares":true,"showImageEffects":true,"showParticleSystems":true,"showVisualEffectGraphs":true,"m_FxEnabled":true},"in2DMode":false,"pivot":{"x":1.2999992370605469,"y":1.709306001663208,"z":-0.0001583099365234375},"rotation":{"x":-0.04669015482068062,"y":0.838336706161499,"z":-0.07257328927516937,"w":-0.5383615493774414},"size":46.53059768676758,"orthographic":false}