{"cameraMode":{"drawMode":0,"name":"Shaded","section":"Shading Mode"},"sceneLighting":true,"audioPlay":false,"sceneViewState":{"m_AlwaysRefresh":false,"showFog":true,"showSkybox":true,"showFlares":true,"showImageEffects":true,"showParticleSystems":true,"showVisualEffectGraphs":true,"m_FxEnabled":true},"in2DMode":false,"pivot":{"x":584.8370971679688,"y":1266.2781982421875,"z":-4.3038177490234379},"rotation":{"x":-0.03295906260609627,"y":0.04534127190709114,"z":-0.0015779343666508794,"w":-0.9985169172286987},"size":2.754979372024536,"orthographic":false}