{"cameraMode":{"drawMode":0,"name":"Shaded","section":"Shading Mode"},"sceneLighting":false,"audioPlay":false,"sceneViewState":{"m_AlwaysRefresh":false,"showFog":true,"showSkybox":false,"showFlares":true,"showImageEffects":true,"showParticleSystems":true,"showVisualEffectGraphs":true,"m_FxEnabled":true},"in2DMode":false,"pivot":{"x":-0.0015937089920043946,"y":-0.030539751052856447,"z":-3.725290298461914e-9},"rotation":{"x":-0.19450359046459199,"y":-0.7127452492713928,"z":0.6381186246871948,"w":-0.21725690364837647},"size":1.7592816352844239,"orthographic":false}