{"cameraMode":{"drawMode":0,"name":"Shaded","section":"Shading Mode"},"sceneLighting":false,"audioPlay":false,"sceneViewState":{"m_AlwaysRefresh":false,"showFog":true,"showSkybox":false,"showFlares":true,"showImageEffects":true,"showParticleSystems":true,"showVisualEffectGraphs":true,"m_FxEnabled":true},"in2DMode":false,"pivot":{"x":-0.2933836579322815,"y":0.19228024780750276,"z":0.1324077844619751},"rotation":{"x":0.23514361679553986,"y":-0.08217879384756088,"z":0.019977422431111337,"w":0.9683966636657715},"size":0.9668947458267212,"orthographic":false}