{"cameraMode":{"drawMode":0,"name":"Shaded","section":"Shading Mode"},"sceneLighting":false,"audioPlay":false,"sceneViewState":{"m_AlwaysRefresh":false,"showFog":true,"showSkybox":false,"showFlares":true,"showImageEffects":true,"showParticleSystems":true,"showVisualEffectGraphs":true,"m_FxEnabled":true},"in2DMode":false,"pivot":{"x":0.01443713903427124,"y":2.0963075160980226,"z":0.08791767060756684},"rotation":{"x":0.032895948737859729,"y":-0.947191059589386,"z":0.30207112431526186,"w":0.10335081815719605},"size":0.8535072207450867,"orthographic":false}