{"cameraMode":{"drawMode":0,"name":"Shaded","section":"Shading Mode"},"sceneLighting":false,"audioPlay":false,"sceneViewState":{"m_AlwaysRefresh":false,"showFog":true,"showSkybox":false,"showFlares":true,"showImageEffects":true,"showParticleSystems":true,"showVisualEffectGraphs":true,"m_FxEnabled":true},"in2DMode":false,"pivot":{"x":0.4130743741989136,"y":0.10251063108444214,"z":-0.427934467792511},"rotation":{"x":-0.018140628933906556,"y":-0.9798979163169861,"z":0.10505679249763489,"w":-0.16890959441661836},"size":1.6179065704345704,"orthographic":false}