{"cameraMode":{"drawMode":0,"name":"Shaded","section":"Shading Mode"},"sceneLighting":false,"audioPlay":false,"sceneViewState":{"m_AlwaysRefresh":false,"showFog":true,"showSkybox":false,"showFlares":true,"showImageEffects":true,"showParticleSystems":true,"showVisualEffectGraphs":true,"m_FxEnabled":true},"in2DMode":false,"pivot":{"x":-0.014102990739047528,"y":-0.2016753852367401,"z":-0.028098545968532563},"rotation":{"x":-0.004711339715868235,"y":-0.9929811954498291,"z":0.11128536611795426,"w":-0.04135658219456673},"size":0.7240477204322815,"orthographic":false}