{"cameraMode":{"drawMode":0,"name":"Shaded","section":"Shading Mode"},"sceneLighting":false,"audioPlay":false,"sceneViewState":{"m_AlwaysRefresh":false,"showFog":true,"showSkybox":false,"showFlares":true,"showImageEffects":true,"showParticleSystems":true,"showVisualEffectGraphs":true,"m_FxEnabled":true},"in2DMode":false,"pivot":{"x":0.0009999871253967286,"y":-0.017911672592163087,"z":-0.032797813415527347},"rotation":{"x":-0.001757943769916892,"y":0.9922640919685364,"z":-0.014605130068957806,"w":-0.12394489347934723},"size":0.633061945438385,"orthographic":false}