{"cameraMode":{"drawMode":0,"name":"Shaded","section":"Shading Mode"},"sceneLighting":false,"audioPlay":false,"sceneViewState":{"m_AlwaysRefresh":false,"showFog":true,"showSkybox":false,"showFlares":true,"showImageEffects":true,"showParticleSystems":true,"showVisualEffectGraphs":true,"m_FxEnabled":true},"in2DMode":false,"pivot":{"x":0.020786374807357789,"y":2.3898701667785646,"z":0.16238686442375184},"rotation":{"x":0.03298454359173775,"y":-0.9056001305580139,"z":0.07160178571939469,"w":0.4169260859489441},"size":0.6593617796897888,"orthographic":false}