{"cameraMode":{"drawMode":0,"name":"Shaded","section":"Shading Mode"},"sceneLighting":false,"audioPlay":false,"sceneViewState":{"m_AlwaysRefresh":false,"showFog":true,"showSkybox":false,"showFlares":true,"showImageEffects":true,"showParticleSystems":true,"showVisualEffectGraphs":true,"m_FxEnabled":true},"in2DMode":false,"pivot":{"x":0.02537064254283905,"y":0.8528035283088684,"z":0.7378793358802795},"rotation":{"x":-0.17757101356983186,"y":0.7353063225746155,"z":-0.21091176569461823,"w":-0.6192150712013245},"size":1.3918501138687134,"orthographic":false}